Order ID,Product,Quantity Ordered,Price Each,Order Date,Purchase Address,Customer_Service,Satisfaction
176672,Amazon Echo Dot (4th Gen),3,153.95,2019-04-18 16:00:57.715430861,"917 1st St, Dallas, TX 75001",The device is good.,1
176547,27-inch 4K Ultra HD Gaming Monitor,2,927.25,2019-04-18 16:00:57.715430861,"917 1st St, Dallas, TX 75001",Absolutely love this VR headset! It’s a game-changer for me.,1
176617,Wired Noise-Cancelling Headphones,1,1451.96,2019-04-18 16:00:57.715430861,"214 Chestnut St, San Francisco, CA 94016","The device works perfectly, no issues so far!",1
176692,HP Pavilion Gaming Laptop,3,104.46,2019-04-18 16:00:57.715430861,"790 Ridge St, Atlanta, GA 30301","The screen resolution on this laptop is amazing, but it tends to heat up quickly.",0
176823,PlayStation 5 Console,3,1619.92,2019-04-18 16:00:57.715430861,"438 Elm St, Seattle, WA 98101",Picture quality is stunning! Gaming feels super immersive on this monitor.,1
176751,NVIDIA RTX 3080 Graphics Card,3,1958.0,2019-04-18 16:00:57.715430861,"917 1st St, Dallas, TX 75001","The device works perfectly, no issues so far!",1
176695,Amazon Echo Dot (4th Gen),2,926.42,2019-04-18 16:00:57.715430861,"917 1st St, Dallas, TX 75001",Returned the product as it didn’t match the description on the website.,0
176859,USB-C Charging Cable,1,245.07,2019-04-18 16:00:57.715430861,"917 1st St, Dallas, TX 75001","Customer service was extremely helpful, they replaced the defective unit immediately.",1
176509,NVIDIA RTX 3080 Graphics Card,2,172.14,2019-04-18 16:00:57.715430861,"149 Dogwood St, New York City, NY 10001",The device is good.,1
176711,AA Rechargeable Batteries (4-pack),2,206.47,2019-04-18 16:00:57.715430861,"682 Chestnut St, Boston, MA 02215",This cable is very durable and charges my phone really quickly!,1
176777,GoPro Hero 9 Action Camera,1,1533.23,2019-04-18 16:00:57.715430861,"657 Hill St, Dallas, TX 75001",Absolutely love this VR headset! It’s a game-changer for me.,1
176742,MacBook Pro 16-inch Laptop,1,833.89,2019-04-18 16:00:57.715430861,"657 Hill St, Dallas, TX 75001","The device works perfectly, no issues so far!",1
176792,PlayStation 5 Console,3,1839.28,2019-04-18 16:00:57.715430861,"669 Spruce St, Los Angeles, CA 90001",The device is good.,1
176587,Google Phone,3,886.87,2019-04-18 16:00:57.715430861,"149 Dogwood St, New York City, NY 10001","The device works perfectly, no issues so far!",1
176570,USB-C Charging Cable,2,163.52,2019-04-18 16:00:57.715430861,"669 Spruce St, Los Angeles, CA 90001",This cable is very durable and charges my phone really quickly!,1
176972,Google Phone,3,859.6,2019-04-18 16:00:57.715430861,"186 12th St, Dallas, TX 75001",Battery life is incredible. This product exceeded my expectations!,1
176588,Sony WH-1000XM4 Wireless Headphones,3,1512.11,2019-04-18 16:00:57.715430861,"149 Dogwood St, New York City, NY 10001","Fantastic sound quality, perfect for long listening sessions.",1
176896,HP Pavilion Gaming Laptop,2,1660.38,2019-04-18 16:00:57.715430861,"915 Willow St, San Francisco, CA 94016","The screen resolution on this laptop is amazing, but it tends to heat up quickly.",0
176814,Oculus Quest 2 VR Headset,3,88.31,2019-04-18 16:00:57.715430861,"149 Dogwood St, New York City, NY 10001","Fantastic device, really happy with this purchase!",1
176693,Google Phone,1,368.97,2019-04-18 16:00:57.715430861,"917 1st St, Dallas, TX 75001","The device works perfectly, no issues so far!",1
176986,USB-C Charging Cable,3,985.13,2019-04-18 16:00:57.715430861,"915 Willow St, San Francisco, CA 94016","The device works perfectly, no issues so far!",1
176539,Sony WH-1000XM4 Wireless Headphones,3,264.89,2019-04-18 16:00:57.715430861,"915 Willow St, San Francisco, CA 94016",Sound is not proper when you play jazz.,0
176587,Apple AirPods Pro,3,1743.47,2019-04-18 16:00:57.715430861,"657 Hill St, Dallas, TX 75001","Sound quality is amazing, but the bass is too heavy for my taste.",0
176674,Lightning Fast Charging Cable,2,1869.58,2019-04-18 16:00:57.715430861,"186 12th St, Dallas, TX 75001","The device works perfectly, no issues so far!",1
176588,NVIDIA RTX 3080 Graphics Card,1,646.0,2019-04-18 16:00:57.715430861,"790 Ridge St, Atlanta, GA 30301","Fantastic device, really happy with this purchase!",1
176837,Oculus Quest 2 VR Headset,2,875.34,2019-04-18 16:00:57.715430861,"253 Johnson St, Atlanta, GA 30301",Returned the product as it didn’t match the description on the website.,0
176665,Sony WH-1000XM4 Wireless Headphones,2,1118.54,2019-04-18 16:00:57.715430861,"381 Wilson St, San Francisco, CA 94016","Sound quality is amazing, but the bass is too heavy for my taste.",1
176525,AA Rechargeable Batteries (4-pack),3,578.16,2019-04-18 16:00:57.715430861,"669 Spruce St, Los Angeles, CA 90001",The device is good.,1
176833,27-inch 4K Ultra HD Gaming Monitor,3,1086.74,2019-04-18 16:00:57.715430861,"790 Ridge St, Atlanta, GA 30301","Customer support took a long time to respond, but they resolved my issue in the end.",1
176572,Lightning Fast Charging Cable,1,410.36,2019-04-18 16:00:57.715430861,"438 Elm St, Seattle, WA 98101",This cable is very durable and charges my phone really quickly!,1
176765,MacBook Pro 16-inch Laptop,3,600.32,2019-04-18 16:00:57.715430861,"381 Wilson St, San Francisco, CA 94016","The device works perfectly, no issues so far!",1
176904,Oculus Quest 2 VR Headset,1,889.15,2019-04-18 16:00:57.715430861,"438 Elm St, Seattle, WA 98101","Customer support took a long time to respond, but they resolved my issue in the end.",1
176615,NVIDIA RTX 3080 Graphics Card,1,1213.29,2019-04-18 16:00:57.715430861,"915 Willow St, San Francisco, CA 94016","The device works perfectly, no issues so far!",1
176964,JBL Flip 5 Portable Bluetooth Speaker,2,1076.97,2019-04-18 16:00:57.715430861,"682 Chestnut St, Boston, MA 02215","Customer support took a long time to respond, but they resolved my issue in the end.",1
176743,PlayStation 5 Console,2,529.37,2019-04-18 16:00:57.715430861,"669 Spruce St, Los Angeles, CA 90001",The device is good.,1
176697,HP Pavilion Gaming Laptop,2,471.26,2019-04-18 16:00:57.715430861,"915 Willow St, San Francisco, CA 94016","Customer support took a long time to respond, but they resolved my issue in the end.",1
176835,Wired Noise-Cancelling Headphones,1,246.27,2019-04-18 16:00:57.715430861,"657 Hill St, Dallas, TX 75001",The device is good.,1
176931,Oculus Quest 2 VR Headset,2,1569.15,2019-04-18 16:00:57.715430861,"186 12th St, Dallas, TX 75001",Returned the product as it didn’t match the description on the website.,0
176948,Bose SoundSport Headphones,2,206.81,2019-04-18 16:00:57.715430861,"790 Ridge St, Atlanta, GA 30301",The device is good.,1
176838,Apple AirPods Pro,3,1468.44,2019-04-18 16:00:57.715430861,"682 Chestnut St, Boston, MA 02215","Fantastic sound quality, perfect for long listening sessions.",1
176599,Amazon Echo Dot (4th Gen),1,505.06,2019-04-18 16:00:57.715430861,"915 Willow St, San Francisco, CA 94016",Absolutely love this VR headset! It’s a game-changer for me.,1
176972,Bose SoundSport Headphones,1,576.27,2019-04-18 16:00:57.715430861,"915 Willow St, San Francisco, CA 94016","The device works perfectly, no issues so far!",1
176677,NVIDIA RTX 3080 Graphics Card,1,1474.81,2019-04-18 16:00:57.715430861,"381 Wilson St, San Francisco, CA 94016",Picture quality is stunning! Gaming feels super immersive on this monitor.,1
176743,Lightning Fast Charging Cable,2,1322.65,2019-04-18 16:00:57.715430861,"444 7th St, Los Angeles, CA 90001",The device failed within two weeks of usage. Not very happy with this purchase.,0
176785,Dell XPS 13 Ultrabook,2,1486.42,2019-04-18 16:00:57.715430861,"915 Willow St, San Francisco, CA 94016","The laptop is fast and responsive, but battery life could be better.",0
176647,Lightning Fast Charging Cable,1,1035.41,2019-04-18 16:00:57.715430861,"381 Wilson St, San Francisco, CA 94016",This cable is very durable and charges my phone really quickly!,1
176647,Apple AirPods Pro,3,1719.6,2019-04-18 16:00:57.715430861,"915 Willow St, San Francisco, CA 94016","The sound system on this device is phenomenal, but it’s a bit bulky to carry around.",0
176898,MacBook Pro 16-inch Laptop,3,252.37,2019-04-18 16:00:57.715430861,"381 Wilson St, San Francisco, CA 94016","The laptop is fast and responsive, but battery life could be better.",0
176923,GoPro Hero 9 Action Camera,3,1293.94,2019-04-18 16:00:57.715430861,"186 12th St, Dallas, TX 75001","The device works perfectly, no issues so far!",1
176788,Dell XPS 13 Ultrabook,3,245.31,2019-04-18 16:00:57.715430861,"444 7th St, Los Angeles, CA 90001","The screen resolution on this laptop is amazing, but it tends to heat up quickly.",0
176949,Dell XPS 13 Ultrabook,1,1477.19,2019-04-18 16:00:57.715430861,"915 Willow St, San Francisco, CA 94016","The device works perfectly, no issues so far!",1
176765,Google Phone,1,724.22,2019-04-18 16:00:57.715430861,"657 Hill St, Dallas, TX 75001",The device is good.,1
176685,Oculus Quest 2 VR Headset,1,1353.02,2019-04-18 16:00:57.715430861,"682 Chestnut St, Boston, MA 02215","Fantastic device, really happy with this purchase!",1
176627,JBL Flip 5 Portable Bluetooth Speaker,3,1409.93,2019-04-18 16:00:57.715430861,"214 Chestnut St, San Francisco, CA 94016",Returned the product as it didn’t match the description on the website.,0
176532,Apple AirPods Pro,3,1324.61,2019-04-18 16:00:57.715430861,"668 Center St, Seattle, WA 98101","Fantastic sound quality, perfect for long listening sessions.",1
176531,Apple AirPods Pro,3,450.9,2019-04-18 16:00:57.715430861,"668 Center St, Seattle, WA 98101","The device works perfectly, no issues so far!",1
176702,Lightning Fast Charging Cable,3,1665.28,2019-04-18 16:00:57.715430861,"438 Elm St, Seattle, WA 98101",The device failed within two weeks of usage. Not very happy with this purchase.,0
176744,PlayStation 5 Console,2,487.87,2019-04-18 16:00:57.715430861,"790 Ridge St, Atlanta, GA 30301","Fantastic device, really happy with this purchase!",1
176651,NVIDIA RTX 3080 Graphics Card,3,1041.13,2019-04-18 16:00:57.715430861,"438 Elm St, Seattle, WA 98101",Returned the product as it didn’t match the description on the website.,0
176663,Sony WH-1000XM4 Wireless Headphones,2,1352.55,2019-04-18 16:00:57.715430861,"917 1st St, Dallas, TX 75001","The device works perfectly, no issues so far!",1
176959,USB-C Charging Cable,1,474.87,2019-04-18 16:00:57.715430861,"657 Hill St, Dallas, TX 75001",The device is good.,1
176870,Oculus Quest 2 VR Headset,1,1260.74,2019-04-18 16:00:57.715430861,"657 Hill St, Dallas, TX 75001",Picture quality is stunning! Gaming feels super immersive on this monitor.,1
176683,USB-C Charging Cable,2,580.79,2019-04-18 16:00:57.715430861,"149 Dogwood St, New York City, NY 10001",The device is good.,1
176528,Sony WH-1000XM4 Wireless Headphones,3,351.05,2019-04-18 16:00:57.715430861,"444 7th St, Los Angeles, CA 90001","Sound quality is amazing, but the bass is too heavy for my taste.",1
176790,Oculus Quest 2 VR Headset,2,1621.4,2019-04-18 16:00:57.715430861,"381 Wilson St, San Francisco, CA 94016","The device works perfectly, no issues so far!",1
176628,Lightning Fast Charging Cable,1,1110.71,2019-04-18 16:00:57.715430861,"668 Center St, Seattle, WA 98101","The device works perfectly, no issues so far!",1
176628,Oculus Quest 2 VR Headset,1,662.49,2019-04-18 16:00:57.715430861,"917 1st St, Dallas, TX 75001",Picture quality is stunning! Gaming feels super immersive on this monitor.,1
176920,MacBook Pro 16-inch Laptop,2,1175.01,2019-04-18 16:00:57.715430861,"657 Hill St, Dallas, TX 75001","The device works perfectly, no issues so far!",1
176553,Oculus Quest 2 VR Headset,1,60.32,2019-04-18 16:00:57.715430861,"790 Ridge St, Atlanta, GA 30301",Returned the product as it didn’t match the description on the website.,0
176889,GoPro Hero 9 Action Camera,1,268.35,2019-04-18 16:00:57.715430861,"214 Chestnut St, San Francisco, CA 94016",Returned the product as it didn’t match the description on the website.,0
176538,USB-C Charging Cable,2,797.21,2019-04-18 16:00:57.715430861,"149 Dogwood St, New York City, NY 10001","Customer service was extremely helpful, they replaced the defective unit immediately.",1
176988,JBL Flip 5 Portable Bluetooth Speaker,1,1951.76,2019-04-18 16:00:57.715430861,"915 Willow St, San Francisco, CA 94016",Returned the product as it didn’t match the description on the website.,1
176744,Apple AirPods Pro,3,1025.84,2019-04-18 16:00:57.715430861,"186 12th St, Dallas, TX 75001","The device works perfectly, no issues so far!",1
176773,Amazon Echo Dot (4th Gen),1,162.15,2019-04-18 16:00:57.715430861,"682 Chestnut St, Boston, MA 02215","Customer support took a long time to respond, but they resolved my issue in the end.",1
176835,Lightning Fast Charging Cable,2,1532.43,2019-04-18 16:00:57.715430861,"438 Elm St, Seattle, WA 98101","Customer service was extremely helpful, they replaced the defective unit immediately.",1
176888,GoPro Hero 9 Action Camera,2,1565.07,2019-04-18 16:00:57.715430861,"214 Chestnut St, San Francisco, CA 94016",Returned the product as it didn’t match the description on the website.,0
176605,Dell XPS 13 Ultrabook,3,1551.86,2019-04-18 16:00:57.715430861,"917 1st St, Dallas, TX 75001","Customer support took a long time to respond, but they resolved my issue in the end.",1
176542,USB-C Charging Cable,2,1143.3,2019-04-18 16:00:57.715430861,"669 Spruce St, Los Angeles, CA 90001","The device works perfectly, no issues so far!",1
176942,Samsung Galaxy S21,1,1394.44,2019-04-18 16:00:57.715430861,"253 Johnson St, Atlanta, GA 30301","The phone overheats during long calls, but overall it’s a good buy.",1
176531,MacBook Pro 16-inch Laptop,2,434.78,2019-04-18 16:00:57.715430861,"915 Willow St, San Francisco, CA 94016","The device works perfectly, no issues so far!",1
176876,Samsung Galaxy S21,2,1467.8,2019-04-18 16:00:57.715430861,"917 1st St, Dallas, TX 75001",Battery life is incredible. This product exceeded my expectations!,1
176757,Wired Noise-Cancelling Headphones,3,1634.19,2019-04-18 16:00:57.715430861,"149 Dogwood St, New York City, NY 10001","The sound system on this device is phenomenal, but it’s a bit bulky to carry around.",0
176821,HP Pavilion Gaming Laptop,2,1522.33,2019-04-18 16:00:57.715430861,"915 Willow St, San Francisco, CA 94016","The screen resolution on this laptop is amazing, but it tends to heat up quickly.",0
176987,NVIDIA RTX 3080 Graphics Card,1,713.39,2019-04-18 16:00:57.715430861,"253 Johnson St, Atlanta, GA 30301",Returned the product as it didn’t match the description on the website.,0
176925,Apple AirPods Pro,2,1186.15,2019-04-18 16:00:57.715430861,"214 Chestnut St, San Francisco, CA 94016","Fantastic sound quality, perfect for long listening sessions.",1
176557,Apple AirPods Pro,1,1261.69,2019-04-18 16:00:57.715430861,"915 Willow St, San Francisco, CA 94016","The sound system on this device is phenomenal, but it’s a bit bulky to carry around.",0
176791,Google Phone,1,1802.61,2019-04-18 16:00:57.715430861,"915 Willow St, San Francisco, CA 94016","The device works perfectly, no issues so far!",1
176858,Google Phone,2,224.95,2019-04-18 16:00:57.715430861,"682 Chestnut St, Boston, MA 02215","The device works perfectly, no issues so far!",1
176619,Wired Noise-Cancelling Headphones,3,1669.53,2019-04-18 16:00:57.715430861,"253 Johnson St, Atlanta, GA 30301","Sound quality is amazing, but the bass is too heavy for my taste.",1
176767,Apple AirPods Pro,1,1057.61,2019-04-18 16:00:57.715430861,"444 7th St, Los Angeles, CA 90001",Sound is not proper when you play jazz.,0
176930,Oculus Quest 2 VR Headset,2,723.64,2019-04-18 16:00:57.715430861,"657 Hill St, Dallas, TX 75001","The device works perfectly, no issues so far!",1
176582,Amazon Echo Dot (4th Gen),2,916.65,2019-04-18 16:00:57.715430861,"444 7th St, Los Angeles, CA 90001",Picture quality is stunning! Gaming feels super immersive on this monitor.,1
176591,PlayStation 5 Console,1,35.14,2019-04-18 16:00:57.715430861,"669 Spruce St, Los Angeles, CA 90001",Absolutely love this VR headset! It’s a game-changer for me.,1
176884,HP Pavilion Gaming Laptop,1,447.95,2019-04-18 16:00:57.715430861,"669 Spruce St, Los Angeles, CA 90001","The product is okay, but I think it’s overpriced for the features it offers.",0
176898,PlayStation 5 Console,1,1309.0,2019-04-18 16:00:57.715430861,"790 Ridge St, Atlanta, GA 30301",The device is good.,1
176599,Dell XPS 13 Ultrabook,2,1325.09,2019-04-18 16:00:57.715430861,"444 7th St, Los Angeles, CA 90001","The product is okay, but I think it’s overpriced for the features it offers.",0
176553,MacBook Pro 16-inch Laptop,1,994.45,2019-04-18 16:00:57.715430861,"915 Willow St, San Francisco, CA 94016","The screen resolution on this laptop is amazing, but it tends to heat up quickly.",0
176896,GoPro Hero 9 Action Camera,3,1907.12,2019-04-18 16:00:57.715430861,"669 Spruce St, Los Angeles, CA 90001",Returned the product as it didn’t match the description on the website.,0
176621,27-inch 4K Ultra HD Gaming Monitor,1,967.02,2019-04-18 16:00:57.715430861,"657 Hill St, Dallas, TX 75001","Fantastic device, really happy with this purchase!",1
176926,GoPro Hero 9 Action Camera,1,634.75,2019-04-18 16:00:57.715430861,"214 Chestnut St, San Francisco, CA 94016","Customer support took a long time to respond, but they resolved my issue in the end.",1
176584,HP Pavilion Gaming Laptop,1,1697.08,2019-04-18 16:00:57.715430861,"668 Center St, Seattle, WA 98101","The product is okay, but I think it’s overpriced for the features it offers.",0
176703,JBL Flip 5 Portable Bluetooth Speaker,1,525.73,2019-04-18 16:00:57.715430861,"149 Dogwood St, New York City, NY 10001",Returned the product as it didn’t match the description on the website.,0
176824,NVIDIA RTX 3080 Graphics Card,3,1212.57,2019-04-18 16:00:57.715430861,"438 Elm St, Seattle, WA 98101","Fantastic device, really happy with this purchase!",1
176762,AA Rechargeable Batteries (4-pack),3,1409.8,2019-04-18 16:00:57.715430861,"682 Chestnut St, Boston, MA 02215","Customer service was extremely helpful, they replaced the defective unit immediately.",1
176952,Apple AirPods Pro,3,1645.18,2019-04-18 16:00:57.715430861,"790 Ridge St, Atlanta, GA 30301",Sound is not proper when you play jazz.,0
176547,Lightning Fast Charging Cable,1,1572.88,2019-04-18 16:00:57.715430861,"790 Ridge St, Atlanta, GA 30301",The device failed within two weeks of usage. Not very happy with this purchase.,0
176627,Sony WH-1000XM4 Wireless Headphones,3,774.34,2019-04-18 16:00:57.715430861,"669 Spruce St, Los Angeles, CA 90001","The sound system on this device is phenomenal, but it’s a bit bulky to carry around.",0
176631,NVIDIA RTX 3080 Graphics Card,1,127.77,2019-04-18 16:00:57.715430861,"186 12th St, Dallas, TX 75001","The device works perfectly, no issues so far!",1
176960,GoPro Hero 9 Action Camera,2,86.19,2019-04-18 16:00:57.715430861,"790 Ridge St, Atlanta, GA 30301",Returned the product as it didn’t match the description on the website.,0
176856,Lightning Fast Charging Cable,2,1455.66,2019-04-18 16:00:57.715430861,"149 Dogwood St, New York City, NY 10001",The device is good.,1
176680,MacBook Pro 16-inch Laptop,3,1923.77,2019-04-18 16:00:57.715430861,"444 7th St, Los Angeles, CA 90001","The screen resolution on this laptop is amazing, but it tends to heat up quickly.",0
176988,Dell XPS 13 Ultrabook,1,692.9,2019-04-18 16:00:57.715430861,"186 12th St, Dallas, TX 75001","The device works perfectly, no issues so far!",1
176834,Bose SoundSport Headphones,3,887.98,2019-04-18 16:00:57.715430861,"438 Elm St, Seattle, WA 98101",The device is good.,1
176643,HP Pavilion Gaming Laptop,1,1454.34,2019-04-18 16:00:57.715430861,"149 Dogwood St, New York City, NY 10001","The laptop is fast and responsive, but battery life could be better.",0
176648,Sony WH-1000XM4 Wireless Headphones,1,1319.08,2019-04-18 16:00:57.715430861,"917 1st St, Dallas, TX 75001","Fantastic sound quality, perfect for long listening sessions.",1
176727,Dell XPS 13 Ultrabook,1,527.61,2019-04-18 16:00:57.715430861,"381 Wilson St, San Francisco, CA 94016","Customer support took a long time to respond, but they resolved my issue in the end.",1
176942,AA Rechargeable Batteries (4-pack),2,1346.45,2019-04-18 16:00:57.715430861,"668 Center St, Seattle, WA 98101",The device is good.,1
176779,Samsung Galaxy S21,1,616.76,2019-04-18 16:00:57.715430861,"669 Spruce St, Los Angeles, CA 90001",The device is good.,1
176707,Lightning Fast Charging Cable,2,719.15,2019-04-18 16:00:57.715430861,"253 Johnson St, Atlanta, GA 30301",This cable is very durable and charges my phone really quickly!,1
176897,27-inch 4K Ultra HD Gaming Monitor,2,1083.63,2019-04-18 16:00:57.715430861,"657 Hill St, Dallas, TX 75001",Picture quality is stunning! Gaming feels super immersive on this monitor.,1
176873,Wired Noise-Cancelling Headphones,3,1467.3,2019-04-18 16:00:57.715430861,"790 Ridge St, Atlanta, GA 30301","Fantastic sound quality, perfect for long listening sessions.",1
176841,Sony WH-1000XM4 Wireless Headphones,2,310.92,2019-04-18 16:00:57.715430861,"668 Center St, Seattle, WA 98101","The sound system on this device is phenomenal, but it’s a bit bulky to carry around.",0
176548,Google Phone,1,53.75,2019-04-18 16:00:57.715430861,"915 Willow St, San Francisco, CA 94016","The phone overheats during long calls, but overall it’s a good buy.",1
176805,Dell XPS 13 Ultrabook,1,1259.38,2019-04-18 16:00:57.715430861,"186 12th St, Dallas, TX 75001","Customer support took a long time to respond, but they resolved my issue in the end.",1
176569,Wired Noise-Cancelling Headphones,1,58.88,2019-04-18 16:00:57.715430861,"917 1st St, Dallas, TX 75001","The device works perfectly, no issues so far!",1
176669,GoPro Hero 9 Action Camera,2,99.48,2019-04-18 16:00:57.715430861,"668 Center St, Seattle, WA 98101",The device is good.,1
176663,Oculus Quest 2 VR Headset,2,459.29,2019-04-18 16:00:57.715430861,"438 Elm St, Seattle, WA 98101","Fantastic device, really happy with this purchase!",1
176948,Apple AirPods Pro,2,1311.21,2019-04-18 16:00:57.715430861,"915 Willow St, San Francisco, CA 94016",Sound is not proper when you play jazz.,0
176595,Bose SoundSport Headphones,2,142.42,2019-04-18 16:00:57.715430861,"917 1st St, Dallas, TX 75001",Sound is not proper when you play jazz.,0
176697,Sony WH-1000XM4 Wireless Headphones,2,134.19,2019-04-18 16:00:57.715430861,"186 12th St, Dallas, TX 75001",The device is good.,1
176594,MacBook Pro 16-inch Laptop,3,1944.47,2019-04-18 16:00:57.715430861,"915 Willow St, San Francisco, CA 94016","The screen resolution on this laptop is amazing, but it tends to heat up quickly.",0
176756,GoPro Hero 9 Action Camera,3,851.08,2019-04-18 16:00:57.715430861,"668 Center St, Seattle, WA 98101",Returned the product as it didn’t match the description on the website.,0
176869,Sony WH-1000XM4 Wireless Headphones,2,1785.93,2019-04-18 16:00:57.715430861,"915 Willow St, San Francisco, CA 94016",Sound is not proper when you play jazz.,0
176678,Amazon Echo Dot (4th Gen),1,440.88,2019-04-18 16:00:57.715430861,"253 Johnson St, Atlanta, GA 30301","Fantastic device, really happy with this purchase!",1
176792,Apple AirPods Pro,3,876.07,2019-04-18 16:00:57.715430861,"381 Wilson St, San Francisco, CA 94016","Fantastic sound quality, perfect for long listening sessions.",1
176918,AA Rechargeable Batteries (4-pack),1,722.49,2019-04-18 16:00:57.715430861,"790 Ridge St, Atlanta, GA 30301","The device works perfectly, no issues so far!",1
176804,Sony WH-1000XM4 Wireless Headphones,1,362.1,2019-04-18 16:00:57.715430861,"669 Spruce St, Los Angeles, CA 90001","Sound quality is amazing, but the bass is too heavy for my taste.",0
176849,Wired Noise-Cancelling Headphones,3,664.34,2019-04-18 16:00:57.715430861,"669 Spruce St, Los Angeles, CA 90001","The sound system on this device is phenomenal, but it’s a bit bulky to carry around.",0
176887,Bose SoundSport Headphones,3,1973.72,2019-04-18 16:00:57.715430861,"682 Chestnut St, Boston, MA 02215",The device is good.,1
176598,MacBook Pro 16-inch Laptop,2,1497.14,2019-04-18 16:00:57.715430861,"657 Hill St, Dallas, TX 75001","The device works perfectly, no issues so far!",1
176542,Samsung Galaxy S21,1,771.51,2019-04-18 16:00:57.715430861,"790 Ridge St, Atlanta, GA 30301",Great product for the price! I use it daily and it works flawlessly.,1
176961,Sony WH-1000XM4 Wireless Headphones,2,824.48,2019-04-18 16:00:57.715430861,"669 Spruce St, Los Angeles, CA 90001",The device is good.,1
176868,NVIDIA RTX 3080 Graphics Card,1,534.84,2019-04-18 16:00:57.715430861,"917 1st St, Dallas, TX 75001","Customer support took a long time to respond, but they resolved my issue in the end.",1
176987,MacBook Pro 16-inch Laptop,1,1067.36,2019-04-18 16:00:57.715430861,"915 Willow St, San Francisco, CA 94016","The screen resolution on this laptop is amazing, but it tends to heat up quickly.",0
176905,Wired Noise-Cancelling Headphones,1,1473.92,2019-04-18 16:00:57.715430861,"657 Hill St, Dallas, TX 75001","The device works perfectly, no issues so far!",1
176701,Bose SoundSport Headphones,2,1376.43,2019-04-18 16:00:57.715430861,"915 Willow St, San Francisco, CA 94016","The device works perfectly, no issues so far!",1
176883,Oculus Quest 2 VR Headset,3,930.67,2019-04-18 16:00:57.715430861,"444 7th St, Los Angeles, CA 90001","The device works perfectly, no issues so far!",1
176500,27-inch 4K Ultra HD Gaming Monitor,1,93.46,2019-04-18 16:00:57.715430861,"682 Chestnut St, Boston, MA 02215",The device is good.,1
176894,Sony WH-1000XM4 Wireless Headphones,1,1843.8,2019-04-18 16:00:57.715430861,"186 12th St, Dallas, TX 75001","The device works perfectly, no issues so far!",1
176870,HP Pavilion Gaming Laptop,1,823.78,2019-04-18 16:00:57.715430861,"253 Johnson St, Atlanta, GA 30301","The device works perfectly, no issues so far!",1
176543,Apple AirPods Pro,2,786.69,2019-04-18 16:00:57.715430861,"253 Johnson St, Atlanta, GA 30301",Sound is not proper when you play jazz.,0
176942,Dell XPS 13 Ultrabook,2,16.19,2019-04-18 16:00:57.715430861,"186 12th St, Dallas, TX 75001","The screen resolution on this laptop is amazing, but it tends to heat up quickly.",0
176883,Apple AirPods Pro,2,285.07,2019-04-18 16:00:57.715430861,"682 Chestnut St, Boston, MA 02215",The device is good.,1
176523,USB-C Charging Cable,3,1739.02,2019-04-18 16:00:57.715430861,"149 Dogwood St, New York City, NY 10001",The device is good.,1
176687,AA Rechargeable Batteries (4-pack),1,1032.73,2019-04-18 16:00:57.715430861,"915 Willow St, San Francisco, CA 94016","The device works perfectly, no issues so far!",1
176630,27-inch 4K Ultra HD Gaming Monitor,1,1467.55,2019-04-18 16:00:57.715430861,"438 Elm St, Seattle, WA 98101","The device works perfectly, no issues so far!",1
176877,Samsung Galaxy S21,3,304.85,2019-04-18 16:00:57.715430861,"253 Johnson St, Atlanta, GA 30301",Battery life is incredible. This product exceeded my expectations!,1
176598,Wired Noise-Cancelling Headphones,1,666.8,2019-04-18 16:00:57.715430861,"438 Elm St, Seattle, WA 98101","Fantastic sound quality, perfect for long listening sessions.",1
176562,PlayStation 5 Console,2,1681.87,2019-04-18 16:00:57.715430861,"669 Spruce St, Los Angeles, CA 90001",Absolutely love this VR headset! It’s a game-changer for me.,1
176919,JBL Flip 5 Portable Bluetooth Speaker,1,1643.11,2019-04-18 16:00:57.715430861,"669 Spruce St, Los Angeles, CA 90001",Returned the product as it didn’t match the description on the website.,0
176722,Wired Noise-Cancelling Headphones,3,501.12,2019-04-18 16:00:57.715430861,"669 Spruce St, Los Angeles, CA 90001","Sound quality is amazing, but the bass is too heavy for my taste.",0
176623,Sony WH-1000XM4 Wireless Headphones,1,53.73,2019-04-18 16:00:57.715430861,"381 Wilson St, San Francisco, CA 94016","Fantastic sound quality, perfect for long listening sessions.",1
176951,Amazon Echo Dot (4th Gen),1,1614.87,2019-04-18 16:00:57.715430861,"669 Spruce St, Los Angeles, CA 90001",Returned the product as it didn’t match the description on the website.,0
176582,MacBook Pro 16-inch Laptop,2,346.0,2019-04-18 16:00:57.715430861,"381 Wilson St, San Francisco, CA 94016","The device works perfectly, no issues so far!",1
176930,HP Pavilion Gaming Laptop,2,1577.49,2019-04-18 16:00:57.715430861,"917 1st St, Dallas, TX 75001","Customer support took a long time to respond, but they resolved my issue in the end.",1
176727,AA Rechargeable Batteries (4-pack),3,1370.48,2019-04-18 16:00:57.715430861,"438 Elm St, Seattle, WA 98101",The device is good.,1
176648,NVIDIA RTX 3080 Graphics Card,2,344.95,2019-04-18 16:00:57.715430861,"669 Spruce St, Los Angeles, CA 90001","The device works perfectly, no issues so far!",1
176709,GoPro Hero 9 Action Camera,3,166.19,2019-04-18 16:00:57.715430861,"214 Chestnut St, San Francisco, CA 94016","Fantastic device, really happy with this purchase!",1
176550,Samsung Galaxy S21,1,1856.02,2019-04-18 16:00:57.715430861,"444 7th St, Los Angeles, CA 90001","The phone overheats during long calls, but overall it’s a good buy.",1
176911,MacBook Pro 16-inch Laptop,3,1199.78,2019-04-18 16:00:57.715430861,"790 Ridge St, Atlanta, GA 30301","The laptop is fast and responsive, but battery life could be better.",0
176770,Wired Noise-Cancelling Headphones,2,1244.82,2019-04-18 16:00:57.715430861,"657 Hill St, Dallas, TX 75001","Sound quality is amazing, but the bass is too heavy for my taste.",0
176541,Samsung Galaxy S21,2,920.45,2019-04-18 16:00:57.715430861,"253 Johnson St, Atlanta, GA 30301",Great product for the price! I use it daily and it works flawlessly.,1
176558,Samsung Galaxy S21,3,308.64,2019-04-18 16:00:57.715430861,"668 Center St, Seattle, WA 98101",Great product for the price! I use it daily and it works flawlessly.,1
176693,Lightning Fast Charging Cable,2,1207.92,2019-04-18 16:00:57.715430861,"253 Johnson St, Atlanta, GA 30301","The device works perfectly, no issues so far!",1
176536,PlayStation 5 Console,1,512.42,2019-04-18 16:00:57.715430861,"149 Dogwood St, New York City, NY 10001",The device is good.,1
176766,HP Pavilion Gaming Laptop,1,1613.73,2019-04-18 16:00:57.715430861,"790 Ridge St, Atlanta, GA 30301",The device is good.,1
176586,Sony WH-1000XM4 Wireless Headphones,2,1468.11,2019-04-18 16:00:57.715430861,"186 12th St, Dallas, TX 75001","The device works perfectly, no issues so far!",1
176543,JBL Flip 5 Portable Bluetooth Speaker,3,64.26,2019-04-18 16:00:57.715430861,"682 Chestnut St, Boston, MA 02215","Fantastic device, really happy with this purchase!",1
176860,Samsung Galaxy S21,2,1865.52,2019-04-18 16:00:57.715430861,"149 Dogwood St, New York City, NY 10001",The device is good.,1
176511,Bose SoundSport Headphones,3,82.27,2019-04-18 16:00:57.715430861,"214 Chestnut St, San Francisco, CA 94016",The device is good.,1
176758,NVIDIA RTX 3080 Graphics Card,3,188.34,2019-04-18 16:00:57.715430861,"214 Chestnut St, San Francisco, CA 94016",Picture quality is stunning! Gaming feels super immersive on this monitor.,1
176807,27-inch 4K Ultra HD Gaming Monitor,1,592.54,2019-04-18 16:00:57.715430861,"915 Willow St, San Francisco, CA 94016",The device is good.,1
176580,GoPro Hero 9 Action Camera,2,310.11,2019-04-18 16:00:57.715430861,"149 Dogwood St, New York City, NY 10001",The device is good.,1
176532,PlayStation 5 Console,2,479.93,2019-04-18 16:00:57.715430861,"214 Chestnut St, San Francisco, CA 94016",Absolutely love this VR headset! It’s a game-changer for me.,1
176682,USB-C Charging Cable,1,718.06,2019-04-18 16:00:57.715430861,"668 Center St, Seattle, WA 98101","The device works perfectly, no issues so far!",1
176628,AA Rechargeable Batteries (4-pack),2,1473.64,2019-04-18 16:00:57.715430861,"669 Spruce St, Los Angeles, CA 90001",The device failed within two weeks of usage. Not very happy with this purchase.,0
176794,Amazon Echo Dot (4th Gen),3,815.38,2019-04-18 16:00:57.715430861,"790 Ridge St, Atlanta, GA 30301","The device works perfectly, no issues so far!",1
176775,HP Pavilion Gaming Laptop,2,546.98,2019-04-18 16:00:57.715430861,"186 12th St, Dallas, TX 75001","Customer support took a long time to respond, but they resolved my issue in the end.",1
176674,Google Phone,2,989.7,2019-04-18 16:00:57.715430861,"438 Elm St, Seattle, WA 98101","The device works perfectly, no issues so far!",1
176542,Oculus Quest 2 VR Headset,1,791.26,2019-04-18 16:00:57.715430861,"790 Ridge St, Atlanta, GA 30301","The device works perfectly, no issues so far!",1
176871,Bose SoundSport Headphones,2,628.42,2019-04-18 16:00:57.715430861,"438 Elm St, Seattle, WA 98101","Fantastic sound quality, perfect for long listening sessions.",1
176684,JBL Flip 5 Portable Bluetooth Speaker,2,1802.08,2019-04-18 16:00:57.715430861,"253 Johnson St, Atlanta, GA 30301","Fantastic device, really happy with this purchase!",1
176944,Apple AirPods Pro,2,1105.39,2019-04-18 16:00:57.715430861,"669 Spruce St, Los Angeles, CA 90001","The sound system on this device is phenomenal, but it’s a bit bulky to carry around.",0
176988,Lightning Fast Charging Cable,1,1954.88,2019-04-18 16:00:57.715430861,"915 Willow St, San Francisco, CA 94016",The device is good.,1
176577,Wired Noise-Cancelling Headphones,1,1548.1,2019-04-18 16:00:57.715430861,"253 Johnson St, Atlanta, GA 30301","The sound system on this device is phenomenal, but it’s a bit bulky to carry around.",0
176786,Oculus Quest 2 VR Headset,1,1145.29,2019-04-18 16:00:57.715430861,"253 Johnson St, Atlanta, GA 30301","The device works perfectly, no issues so far!",1
176780,HP Pavilion Gaming Laptop,2,532.27,2019-04-18 16:00:57.715430861,"438 Elm St, Seattle, WA 98101","The product is okay, but I think it’s overpriced for the features it offers.",1
176625,Google Phone,1,1376.82,2019-04-18 16:00:57.715430861,"668 Center St, Seattle, WA 98101","The device works perfectly, no issues so far!",1
176758,Dell XPS 13 Ultrabook,3,917.28,2019-04-18 16:00:57.715430861,"381 Wilson St, San Francisco, CA 94016","The product is okay, but I think it’s overpriced for the features it offers.",0
176503,NVIDIA RTX 3080 Graphics Card,3,1445.56,2019-04-18 16:00:57.715430861,"915 Willow St, San Francisco, CA 94016","The device works perfectly, no issues so far!",1
176594,AA Rechargeable Batteries (4-pack),3,813.52,2019-04-18 16:00:57.715430861,"790 Ridge St, Atlanta, GA 30301",The device failed within two weeks of usage. Not very happy with this purchase.,0
176726,USB-C Charging Cable,1,997.05,2019-04-18 16:00:57.715430861,"915 Willow St, San Francisco, CA 94016","The device works perfectly, no issues so far!",1
176863,AA Rechargeable Batteries (4-pack),3,51.16,2019-04-18 16:00:57.715430861,"444 7th St, Los Angeles, CA 90001",This cable is very durable and charges my phone really quickly!,1
176769,GoPro Hero 9 Action Camera,2,1482.52,2019-04-18 16:00:57.715430861,"438 Elm St, Seattle, WA 98101","Fantastic device, really happy with this purchase!",1
176868,Google Phone,2,78.2,2019-04-18 16:00:57.715430861,"668 Center St, Seattle, WA 98101",Great product for the price! I use it daily and it works flawlessly.,1
176796,USB-C Charging Cable,1,1364.64,2019-04-18 16:00:57.715430861,"915 Willow St, San Francisco, CA 94016",This cable is very durable and charges my phone really quickly!,1
176828,Amazon Echo Dot (4th Gen),2,1168.19,2019-04-18 16:00:57.715430861,"915 Willow St, San Francisco, CA 94016",The device is good.,1
176519,27-inch 4K Ultra HD Gaming Monitor,2,1554.08,2019-04-18 16:00:57.715430861,"214 Chestnut St, San Francisco, CA 94016","Fantastic device, really happy with this purchase!",0
176595,Apple AirPods Pro,1,586.66,2019-04-18 16:00:57.715430861,"682 Chestnut St, Boston, MA 02215",Sound is not proper when you play jazz.,0
176828,Bose SoundSport Headphones,1,1375.36,2019-04-18 16:00:57.715430861,"186 12th St, Dallas, TX 75001",Sound is not proper when you play jazz.,0
176910,MacBook Pro 16-inch Laptop,2,422.12,2019-04-18 16:00:57.715430861,"669 Spruce St, Los Angeles, CA 90001",The device is good.,1
176950,Lightning Fast Charging Cable,2,1063.25,2019-04-18 16:00:57.715430861,"669 Spruce St, Los Angeles, CA 90001",The device is good.,1
176748,Samsung Galaxy S21,3,687.16,2019-04-18 16:00:57.715430861,"917 1st St, Dallas, TX 75001",Great product for the price! I use it daily and it works flawlessly.,1
176680,Dell XPS 13 Ultrabook,1,1957.12,2019-04-18 16:00:57.715430861,"657 Hill St, Dallas, TX 75001","Customer support took a long time to respond, but they resolved my issue in the end.",1
176823,Dell XPS 13 Ultrabook,2,1944.01,2019-04-18 16:00:57.715430861,"657 Hill St, Dallas, TX 75001",The device is good.,1
176992,JBL Flip 5 Portable Bluetooth Speaker,2,425.85,2019-04-18 16:00:57.715430861,"186 12th St, Dallas, TX 75001",Picture quality is stunning! Gaming feels super immersive on this monitor.,1
176817,Amazon Echo Dot (4th Gen),3,1136.42,2019-04-18 16:00:57.715430861,"253 Johnson St, Atlanta, GA 30301",Picture quality is stunning! Gaming feels super immersive on this monitor.,1
176770,GoPro Hero 9 Action Camera,3,665.59,2019-04-18 16:00:57.715430861,"438 Elm St, Seattle, WA 98101",Returned the product as it didn’t match the description on the website.,0
176852,27-inch 4K Ultra HD Gaming Monitor,1,1937.39,2019-04-18 16:00:57.715430861,"682 Chestnut St, Boston, MA 02215","Fantastic device, really happy with this purchase!",0
176760,Wired Noise-Cancelling Headphones,2,1849.81,2019-04-18 16:00:57.715430861,"253 Johnson St, Atlanta, GA 30301","Sound quality is amazing, but the bass is too heavy for my taste.",1
176951,Amazon Echo Dot (4th Gen),1,1176.43,2019-04-18 16:00:57.715430861,"149 Dogwood St, New York City, NY 10001",The device is good.,1
176737,GoPro Hero 9 Action Camera,2,1442.97,2019-04-18 16:00:57.715430861,"186 12th St, Dallas, TX 75001",Returned the product as it didn’t match the description on the website.,0
176639,27-inch 4K Ultra HD Gaming Monitor,1,1365.84,2019-04-18 16:00:57.715430861,"253 Johnson St, Atlanta, GA 30301",Absolutely love this VR headset! It’s a game-changer for me.,1
176586,Wired Noise-Cancelling Headphones,3,713.18,2019-04-18 16:00:57.715430861,"381 Wilson St, San Francisco, CA 94016","The device works perfectly, no issues so far!",1
176961,Samsung Galaxy S21,2,1833.56,2019-04-18 16:00:57.715430861,"657 Hill St, Dallas, TX 75001","The device works perfectly, no issues so far!",1
176877,JBL Flip 5 Portable Bluetooth Speaker,3,1799.91,2019-04-18 16:00:57.715430861,"186 12th St, Dallas, TX 75001",Absolutely love this VR headset! It’s a game-changer for me.,1
176609,Apple AirPods Pro,2,668.01,2019-04-18 16:00:57.715430861,"657 Hill St, Dallas, TX 75001","Fantastic sound quality, perfect for long listening sessions.",1
176831,HP Pavilion Gaming Laptop,1,1497.32,2019-04-18 16:00:57.715430861,"438 Elm St, Seattle, WA 98101",The device is good.,1
176684,Samsung Galaxy S21,1,28.09,2019-04-18 16:00:57.715430861,"682 Chestnut St, Boston, MA 02215","The phone overheats during long calls, but overall it’s a good buy.",1
176516,JBL Flip 5 Portable Bluetooth Speaker,2,1634.55,2019-04-18 16:00:57.715430861,"668 Center St, Seattle, WA 98101","The device works perfectly, no issues so far!",1
176652,PlayStation 5 Console,1,1134.09,2019-04-18 16:00:57.715430861,"253 Johnson St, Atlanta, GA 30301","Fantastic device, really happy with this purchase!",1
176913,NVIDIA RTX 3080 Graphics Card,3,1905.09,2019-04-18 16:00:57.715430861,"253 Johnson St, Atlanta, GA 30301",Absolutely love this VR headset! It’s a game-changer for me.,1
176649,Oculus Quest 2 VR Headset,2,732.75,2019-04-18 16:00:57.715430861,"657 Hill St, Dallas, TX 75001","The device works perfectly, no issues so far!",1
176610,Bose SoundSport Headphones,3,1255.17,2019-04-18 16:00:57.715430861,"669 Spruce St, Los Angeles, CA 90001",Sound is not proper when you play jazz.,0
176525,Wired Noise-Cancelling Headphones,3,652.77,2019-04-18 16:00:57.715430861,"915 Willow St, San Francisco, CA 94016","The sound system on this device is phenomenal, but it’s a bit bulky to carry around.",0
176964,NVIDIA RTX 3080 Graphics Card,1,1567.74,2019-04-18 16:00:57.715430861,"682 Chestnut St, Boston, MA 02215",Returned the product as it didn’t match the description on the website.,0
176944,Lightning Fast Charging Cable,2,1205.4,2019-04-18 16:00:57.715430861,"149 Dogwood St, New York City, NY 10001",The device is good.,1
176877,USB-C Charging Cable,3,1975.07,2019-04-18 16:00:57.715430861,"917 1st St, Dallas, TX 75001",The device is good.,1
176874,JBL Flip 5 Portable Bluetooth Speaker,2,12.02,2019-04-18 16:00:57.715430861,"917 1st St, Dallas, TX 75001",Picture quality is stunning! Gaming feels super immersive on this monitor.,1
176617,Wired Noise-Cancelling Headphones,1,290.11,2019-04-18 16:00:57.715430861,"682 Chestnut St, Boston, MA 02215","Sound quality is amazing, but the bass is too heavy for my taste.",0
176945,27-inch 4K Ultra HD Gaming Monitor,3,96.77,2019-04-18 16:00:57.715430861,"790 Ridge St, Atlanta, GA 30301",Absolutely love this VR headset! It’s a game-changer for me.,1
176583,MacBook Pro 16-inch Laptop,2,260.44,2019-04-18 16:00:57.715430861,"214 Chestnut St, San Francisco, CA 94016",The device is good.,1
176661,Oculus Quest 2 VR Headset,1,1859.48,2019-04-18 16:00:57.715430861,"253 Johnson St, Atlanta, GA 30301",Returned the product as it didn’t match the description on the website.,0
176860,Apple AirPods Pro,3,1897.73,2019-04-18 16:00:57.715430861,"444 7th St, Los Angeles, CA 90001","Sound quality is amazing, but the bass is too heavy for my taste.",0
176916,Google Phone,2,966.02,2019-04-18 16:00:57.715430861,"790 Ridge St, Atlanta, GA 30301",Great product for the price! I use it daily and it works flawlessly.,1
176728,Bose SoundSport Headphones,2,1893.91,2019-04-18 16:00:57.715430861,"682 Chestnut St, Boston, MA 02215",Sound is not proper when you play jazz.,0
176751,Amazon Echo Dot (4th Gen),3,1638.59,2019-04-18 16:00:57.715430861,"186 12th St, Dallas, TX 75001",Absolutely love this VR headset! It’s a game-changer for me.,1
176621,27-inch 4K Ultra HD Gaming Monitor,1,1559.45,2019-04-18 16:00:57.715430861,"444 7th St, Los Angeles, CA 90001",The device is good.,1
176826,Lightning Fast Charging Cable,1,1497.09,2019-04-18 16:00:57.715430861,"790 Ridge St, Atlanta, GA 30301",The device failed within two weeks of usage. Not very happy with this purchase.,0
176969,Bose SoundSport Headphones,2,383.43,2019-04-18 16:00:57.715430861,"657 Hill St, Dallas, TX 75001","The sound system on this device is phenomenal, but it’s a bit bulky to carry around.",0
176787,MacBook Pro 16-inch Laptop,3,1102.27,2019-04-18 16:00:57.715430861,"253 Johnson St, Atlanta, GA 30301","The laptop is fast and responsive, but battery life could be better.",0
176513,Bose SoundSport Headphones,1,853.52,2019-04-18 16:00:57.715430861,"668 Center St, Seattle, WA 98101",The device is good.,1
176827,Bose SoundSport Headphones,1,1900.08,2019-04-18 16:00:57.715430861,"186 12th St, Dallas, TX 75001","Sound quality is amazing, but the bass is too heavy for my taste.",1
176684,PlayStation 5 Console,2,355.93,2019-04-18 16:00:57.715430861,"444 7th St, Los Angeles, CA 90001",The device is good.,1
176652,Sony WH-1000XM4 Wireless Headphones,2,348.02,2019-04-18 16:00:57.715430861,"149 Dogwood St, New York City, NY 10001","Fantastic sound quality, perfect for long listening sessions.",1
176579,MacBook Pro 16-inch Laptop,3,1321.13,2019-04-18 16:00:57.715430861,"149 Dogwood St, New York City, NY 10001","The device works perfectly, no issues so far!",1
176541,Sony WH-1000XM4 Wireless Headphones,3,323.23,2019-04-18 16:00:57.715430861,"381 Wilson St, San Francisco, CA 94016","Sound quality is amazing, but the bass is too heavy for my taste.",0
176774,MacBook Pro 16-inch Laptop,3,229.01,2019-04-18 16:00:57.715430861,"669 Spruce St, Los Angeles, CA 90001","The device works perfectly, no issues so far!",1
176540,USB-C Charging Cable,2,1012.81,2019-04-18 16:00:57.715430861,"438 Elm St, Seattle, WA 98101",The device is good.,1
176938,HP Pavilion Gaming Laptop,2,1595.36,2019-04-18 16:00:57.715430861,"438 Elm St, Seattle, WA 98101","Customer support took a long time to respond, but they resolved my issue in the end.",1
176707,Samsung Galaxy S21,1,1214.04,2019-04-18 16:00:57.715430861,"214 Chestnut St, San Francisco, CA 94016",Great product for the price! I use it daily and it works flawlessly.,1
176767,Sony WH-1000XM4 Wireless Headphones,3,1511.96,2019-04-18 16:00:57.715430861,"682 Chestnut St, Boston, MA 02215",Sound is not proper when you play jazz.,0
176666,NVIDIA RTX 3080 Graphics Card,2,538.86,2019-04-18 16:00:57.715430861,"149 Dogwood St, New York City, NY 10001","Customer support took a long time to respond, but they resolved my issue in the end.",1
176611,Amazon Echo Dot (4th Gen),2,577.08,2019-04-18 16:00:57.715430861,"214 Chestnut St, San Francisco, CA 94016",Picture quality is stunning! Gaming feels super immersive on this monitor.,1
176849,Apple AirPods Pro,2,863.12,2019-04-18 16:00:57.715430861,"438 Elm St, Seattle, WA 98101","The device works perfectly, no issues so far!",1
176629,Bose SoundSport Headphones,3,1981.79,2019-04-18 16:00:57.715430861,"669 Spruce St, Los Angeles, CA 90001",Sound is not proper when you play jazz.,0
176723,HP Pavilion Gaming Laptop,1,1438.66,2019-04-18 16:00:57.715430861,"917 1st St, Dallas, TX 75001","Customer support took a long time to respond, but they resolved my issue in the end.",1
176874,JBL Flip 5 Portable Bluetooth Speaker,3,1893.05,2019-04-18 16:00:57.715430861,"214 Chestnut St, San Francisco, CA 94016",The device is good.,1
176800,Sony WH-1000XM4 Wireless Headphones,1,1080.36,2019-04-18 16:00:57.715430861,"186 12th St, Dallas, TX 75001","Fantastic sound quality, perfect for long listening sessions.",1
176716,HP Pavilion Gaming Laptop,1,1113.57,2019-04-18 16:00:57.715430861,"214 Chestnut St, San Francisco, CA 94016","The product is okay, but I think it’s overpriced for the features it offers.",1
176881,Google Phone,1,1980.28,2019-04-18 16:00:57.715430861,"669 Spruce St, Los Angeles, CA 90001","The device works perfectly, no issues so far!",1
176524,PlayStation 5 Console,2,388.08,2019-04-18 16:00:57.715430861,"438 Elm St, Seattle, WA 98101","The device works perfectly, no issues so far!",1
176567,AA Rechargeable Batteries (4-pack),2,1567.35,2019-04-18 16:00:57.715430861,"915 Willow St, San Francisco, CA 94016",The device is good.,1
176966,Sony WH-1000XM4 Wireless Headphones,3,1585.11,2019-04-18 16:00:57.715430861,"657 Hill St, Dallas, TX 75001","The sound system on this device is phenomenal, but it’s a bit bulky to carry around.",0
176995,Google Phone,2,1691.04,2019-04-18 16:00:57.715430861,"186 12th St, Dallas, TX 75001",Great product for the price! I use it daily and it works flawlessly.,1
176759,HP Pavilion Gaming Laptop,1,1502.6,2019-04-18 16:00:57.715430861,"381 Wilson St, San Francisco, CA 94016","The device works perfectly, no issues so far!",1
176734,Bose SoundSport Headphones,3,319.11,2019-04-18 16:00:57.715430861,"444 7th St, Los Angeles, CA 90001","The sound system on this device is phenomenal, but it’s a bit bulky to carry around.",0
176704,Wired Noise-Cancelling Headphones,1,1325.64,2019-04-18 16:00:57.715430861,"253 Johnson St, Atlanta, GA 30301","Sound quality is amazing, but the bass is too heavy for my taste.",0
176986,Wired Noise-Cancelling Headphones,1,1848.17,2019-04-18 16:00:57.715430861,"186 12th St, Dallas, TX 75001","Sound quality is amazing, but the bass is too heavy for my taste.",0
176791,MacBook Pro 16-inch Laptop,1,1130.94,2019-04-18 16:00:57.715430861,"915 Willow St, San Francisco, CA 94016","The screen resolution on this laptop is amazing, but it tends to heat up quickly.",0
176714,HP Pavilion Gaming Laptop,2,728.27,2019-04-18 16:00:57.715430861,"668 Center St, Seattle, WA 98101","Customer support took a long time to respond, but they resolved my issue in the end.",1
176689,Oculus Quest 2 VR Headset,2,1899.55,2019-04-18 16:00:57.715430861,"917 1st St, Dallas, TX 75001","The device works perfectly, no issues so far!",1
176697,Lightning Fast Charging Cable,2,1127.58,2019-04-18 16:00:57.715430861,"657 Hill St, Dallas, TX 75001",The device is good.,1
176715,AA Rechargeable Batteries (4-pack),3,829.16,2019-04-18 16:00:57.715430861,"669 Spruce St, Los Angeles, CA 90001",The device is good.,1
176543,GoPro Hero 9 Action Camera,1,1232.13,2019-04-18 16:00:57.715430861,"915 Willow St, San Francisco, CA 94016",Returned the product as it didn’t match the description on the website.,0
176532,Wired Noise-Cancelling Headphones,3,1610.21,2019-04-18 16:00:57.715430861,"669 Spruce St, Los Angeles, CA 90001","Sound quality is amazing, but the bass is too heavy for my taste.",0
176511,NVIDIA RTX 3080 Graphics Card,3,464.32,2019-04-18 16:00:57.715430861,"444 7th St, Los Angeles, CA 90001",Absolutely love this VR headset! It’s a game-changer for me.,1
176604,JBL Flip 5 Portable Bluetooth Speaker,3,41.23,2019-04-18 16:00:57.715430861,"657 Hill St, Dallas, TX 75001",Returned the product as it didn’t match the description on the website.,0
176712,27-inch 4K Ultra HD Gaming Monitor,1,1062.9,2019-04-18 16:00:57.715430861,"917 1st St, Dallas, TX 75001",Returned the product as it didn’t match the description on the website.,0
176638,AA Rechargeable Batteries (4-pack),3,1883.3,2019-04-18 16:00:57.715430861,"915 Willow St, San Francisco, CA 94016",The device failed within two weeks of usage. Not very happy with this purchase.,0
176682,Oculus Quest 2 VR Headset,1,1363.71,2019-04-18 16:00:57.715430861,"149 Dogwood St, New York City, NY 10001",Returned the product as it didn’t match the description on the website.,0
176991,Samsung Galaxy S21,2,1265.51,2019-04-18 16:00:57.715430861,"682 Chestnut St, Boston, MA 02215",The device is good.,1
176921,MacBook Pro 16-inch Laptop,3,1259.35,2019-04-18 16:00:57.715430861,"186 12th St, Dallas, TX 75001","The laptop is fast and responsive, but battery life could be better.",1
176625,Amazon Echo Dot (4th Gen),3,999.01,2019-04-18 16:00:57.715430861,"657 Hill St, Dallas, TX 75001",Picture quality is stunning! Gaming feels super immersive on this monitor.,1
176656,GoPro Hero 9 Action Camera,2,1464.53,2019-04-18 16:00:57.715430861,"915 Willow St, San Francisco, CA 94016",Returned the product as it didn’t match the description on the website.,0
176611,USB-C Charging Cable,3,505.9,2019-04-18 16:00:57.715430861,"790 Ridge St, Atlanta, GA 30301",The device is good.,1
176988,Bose SoundSport Headphones,2,1784.59,2019-04-18 16:00:57.715430861,"381 Wilson St, San Francisco, CA 94016",The device is good.,1
176758,Google Phone,2,556.2,2019-04-18 16:00:57.715430861,"438 Elm St, Seattle, WA 98101",Great product for the price! I use it daily and it works flawlessly.,1
176527,Google Phone,2,1890.44,2019-04-18 16:00:57.715430861,"214 Chestnut St, San Francisco, CA 94016",Great product for the price! I use it daily and it works flawlessly.,1
176967,HP Pavilion Gaming Laptop,2,1853.73,2019-04-18 16:00:57.715430861,"444 7th St, Los Angeles, CA 90001","The laptop is fast and responsive, but battery life could be better.",0
176717,Lightning Fast Charging Cable,3,165.07,2019-04-18 16:00:57.715430861,"917 1st St, Dallas, TX 75001",This cable is very durable and charges my phone really quickly!,1
176651,Lightning Fast Charging Cable,3,901.88,2019-04-18 16:00:57.715430861,"444 7th St, Los Angeles, CA 90001","The device works perfectly, no issues so far!",1
176809,AA Rechargeable Batteries (4-pack),1,1490.63,2019-04-18 16:00:57.715430861,"657 Hill St, Dallas, TX 75001","Customer service was extremely helpful, they replaced the defective unit immediately.",1
176807,Apple AirPods Pro,1,904.81,2019-04-18 16:00:57.715430861,"682 Chestnut St, Boston, MA 02215","Sound quality is amazing, but the bass is too heavy for my taste.",0
176674,Lightning Fast Charging Cable,1,1022.71,2019-04-18 16:00:57.715430861,"668 Center St, Seattle, WA 98101",The device failed within two weeks of usage. Not very happy with this purchase.,0
176648,Wired Noise-Cancelling Headphones,3,1615.58,2019-04-18 16:00:57.715430861,"214 Chestnut St, San Francisco, CA 94016","The sound system on this device is phenomenal, but it’s a bit bulky to carry around.",0
176937,Wired Noise-Cancelling Headphones,1,1412.93,2019-04-18 16:00:57.715430861,"438 Elm St, Seattle, WA 98101",Sound is not proper when you play jazz.,0
176529,HP Pavilion Gaming Laptop,2,1916.43,2019-04-18 16:00:57.715430861,"444 7th St, Los Angeles, CA 90001","The laptop is fast and responsive, but battery life could be better.",0
176567,Samsung Galaxy S21,2,337.33,2019-04-18 16:00:57.715430861,"438 Elm St, Seattle, WA 98101",Disappointed with the camera performance in low light conditions.,0
176535,Google Phone,3,1847.88,2019-04-18 16:00:57.715430861,"186 12th St, Dallas, TX 75001",Disappointed with the camera performance in low light conditions.,0
176795,GoPro Hero 9 Action Camera,2,1856.69,2019-04-18 16:00:57.715430861,"915 Willow St, San Francisco, CA 94016","Customer support took a long time to respond, but they resolved my issue in the end.",1
176893,USB-C Charging Cable,1,1273.15,2019-04-18 16:00:57.715430861,"444 7th St, Los Angeles, CA 90001",The device is good.,1
176573,AA Rechargeable Batteries (4-pack),3,1881.38,2019-04-18 16:00:57.715430861,"668 Center St, Seattle, WA 98101","Customer service was extremely helpful, they replaced the defective unit immediately.",1
176797,Amazon Echo Dot (4th Gen),3,512.84,2019-04-18 16:00:57.715430861,"669 Spruce St, Los Angeles, CA 90001","The device works perfectly, no issues so far!",1
176907,Oculus Quest 2 VR Headset,2,1764.76,2019-04-18 16:00:57.715430861,"381 Wilson St, San Francisco, CA 94016",The device is good.,1
176887,Google Phone,2,1549.22,2019-04-18 16:00:57.715430861,"438 Elm St, Seattle, WA 98101",Battery life is incredible. This product exceeded my expectations!,1
176802,USB-C Charging Cable,3,1223.28,2019-04-18 16:00:57.715430861,"790 Ridge St, Atlanta, GA 30301",The device is good.,1
176718,Sony WH-1000XM4 Wireless Headphones,2,190.35,2019-04-18 16:00:57.715430861,"669 Spruce St, Los Angeles, CA 90001","Sound quality is amazing, but the bass is too heavy for my taste.",0
176934,NVIDIA RTX 3080 Graphics Card,3,69.97,2019-04-18 16:00:57.715430861,"668 Center St, Seattle, WA 98101","Customer support took a long time to respond, but they resolved my issue in the end.",1
176864,Dell XPS 13 Ultrabook,2,31.83,2019-04-18 16:00:57.715430861,"214 Chestnut St, San Francisco, CA 94016","The device works perfectly, no issues so far!",1
176759,Wired Noise-Cancelling Headphones,1,508.61,2019-04-18 16:00:57.715430861,"657 Hill St, Dallas, TX 75001","The device works perfectly, no issues so far!",1
176787,USB-C Charging Cable,2,1527.08,2019-04-18 16:00:57.715430861,"214 Chestnut St, San Francisco, CA 94016",This cable is very durable and charges my phone really quickly!,1
176765,Samsung Galaxy S21,2,779.38,2019-04-18 16:00:57.715430861,"669 Spruce St, Los Angeles, CA 90001",Great product for the price! I use it daily and it works flawlessly.,1
176894,PlayStation 5 Console,3,1553.14,2019-04-18 16:00:57.715430861,"444 7th St, Los Angeles, CA 90001",Returned the product as it didn’t match the description on the website.,0
176527,Apple AirPods Pro,3,1255.03,2019-04-18 16:00:57.715430861,"682 Chestnut St, Boston, MA 02215","Sound quality is amazing, but the bass is too heavy for my taste.",0
176929,USB-C Charging Cable,2,784.63,2019-04-18 16:00:57.715430861,"682 Chestnut St, Boston, MA 02215",The device failed within two weeks of usage. Not very happy with this purchase.,0
176699,Amazon Echo Dot (4th Gen),2,1761.49,2019-04-18 16:00:57.715430861,"444 7th St, Los Angeles, CA 90001","Customer support took a long time to respond, but they resolved my issue in the end.",1
176923,Lightning Fast Charging Cable,3,86.45,2019-04-18 16:00:57.715430861,"915 Willow St, San Francisco, CA 94016","Customer service was extremely helpful, they replaced the defective unit immediately.",1
176561,USB-C Charging Cable,1,935.97,2019-04-18 16:00:57.715430861,"657 Hill St, Dallas, TX 75001",The device failed within two weeks of usage. Not very happy with this purchase.,0
176841,27-inch 4K Ultra HD Gaming Monitor,2,1661.41,2019-04-18 16:00:57.715430861,"915 Willow St, San Francisco, CA 94016",Picture quality is stunning! Gaming feels super immersive on this monitor.,0
176853,Sony WH-1000XM4 Wireless Headphones,2,262.36,2019-04-18 16:00:57.715430861,"438 Elm St, Seattle, WA 98101","The device works perfectly, no issues so far!",1
176544,Sony WH-1000XM4 Wireless Headphones,1,1423.87,2019-04-18 16:00:57.715430861,"682 Chestnut St, Boston, MA 02215","The device works perfectly, no issues so far!",1
176790,Oculus Quest 2 VR Headset,3,662.95,2019-04-18 16:00:57.715430861,"668 Center St, Seattle, WA 98101",Returned the product as it didn’t match the description on the website.,0
176918,NVIDIA RTX 3080 Graphics Card,2,58.36,2019-04-18 16:00:57.715430861,"444 7th St, Los Angeles, CA 90001",The device is good.,1
176588,NVIDIA RTX 3080 Graphics Card,1,952.71,2019-04-18 16:00:57.715430861,"381 Wilson St, San Francisco, CA 94016",The device is good.,1
176533,Lightning Fast Charging Cable,3,1048.17,2019-04-18 16:00:57.715430861,"214 Chestnut St, San Francisco, CA 94016",This cable is very durable and charges my phone really quickly!,1
176633,Lightning Fast Charging Cable,1,92.76,2019-04-18 16:00:57.715430861,"682 Chestnut St, Boston, MA 02215",The device failed within two weeks of usage. Not very happy with this purchase.,0
176732,Sony WH-1000XM4 Wireless Headphones,1,1136.18,2019-04-18 16:00:57.715430861,"668 Center St, Seattle, WA 98101","The device works perfectly, no issues so far!",1
176755,NVIDIA RTX 3080 Graphics Card,2,701.39,2019-04-18 16:00:57.715430861,"669 Spruce St, Los Angeles, CA 90001",Picture quality is stunning! Gaming feels super immersive on this monitor.,1
176536,Sony WH-1000XM4 Wireless Headphones,2,18.94,2019-04-18 16:00:57.715430861,"790 Ridge St, Atlanta, GA 30301","The device works perfectly, no issues so far!",1
176756,NVIDIA RTX 3080 Graphics Card,2,389.64,2019-04-18 16:00:57.715430861,"149 Dogwood St, New York City, NY 10001",Picture quality is stunning! Gaming feels super immersive on this monitor.,1
176959,27-inch 4K Ultra HD Gaming Monitor,1,230.51,2019-04-18 16:00:57.715430861,"682 Chestnut St, Boston, MA 02215",The device is good.,1
176790,Wired Noise-Cancelling Headphones,3,1085.84,2019-04-18 16:00:57.715430861,"669 Spruce St, Los Angeles, CA 90001","The device works perfectly, no issues so far!",1
176697,USB-C Charging Cable,1,95.81,2019-04-18 16:00:57.715430861,"186 12th St, Dallas, TX 75001","Customer service was extremely helpful, they replaced the defective unit immediately.",1
176882,Lightning Fast Charging Cable,3,1856.98,2019-04-18 16:00:57.715430861,"214 Chestnut St, San Francisco, CA 94016","The device works perfectly, no issues so far!",1
176937,Google Phone,1,1691.67,2019-04-18 16:00:57.715430861,"917 1st St, Dallas, TX 75001","The phone overheats during long calls, but overall it’s a good buy.",1
176754,Samsung Galaxy S21,3,1891.14,2019-04-18 16:00:57.715430861,"214 Chestnut St, San Francisco, CA 94016",Battery life is incredible. This product exceeded my expectations!,1
176580,GoPro Hero 9 Action Camera,3,636.45,2019-04-18 16:00:57.715430861,"186 12th St, Dallas, TX 75001",The device is good.,1
176946,Amazon Echo Dot (4th Gen),3,1811.48,2019-04-18 16:00:57.715430861,"669 Spruce St, Los Angeles, CA 90001",The device is good.,1
176636,Apple AirPods Pro,2,1968.78,2019-04-18 16:00:57.715430861,"657 Hill St, Dallas, TX 75001","Fantastic sound quality, perfect for long listening sessions.",1
176689,Apple AirPods Pro,1,1531.82,2019-04-18 16:00:57.715430861,"438 Elm St, Seattle, WA 98101","The sound system on this device is phenomenal, but it’s a bit bulky to carry around.",0
176629,Apple AirPods Pro,2,557.41,2019-04-18 16:00:57.715430861,"381 Wilson St, San Francisco, CA 94016","Sound quality is amazing, but the bass is too heavy for my taste.",1
176709,MacBook Pro 16-inch Laptop,1,1345.07,2019-04-18 16:00:57.715430861,"917 1st St, Dallas, TX 75001","The device works perfectly, no issues so far!",1
176868,Dell XPS 13 Ultrabook,1,1195.37,2019-04-18 16:00:57.715430861,"917 1st St, Dallas, TX 75001",The device is good.,1
176791,Wired Noise-Cancelling Headphones,3,814.36,2019-04-18 16:00:57.715430861,"214 Chestnut St, San Francisco, CA 94016","Fantastic sound quality, perfect for long listening sessions.",1
176876,Amazon Echo Dot (4th Gen),1,619.13,2019-04-18 16:00:57.715430861,"915 Willow St, San Francisco, CA 94016","Fantastic device, really happy with this purchase!",1
176847,Bose SoundSport Headphones,2,129.1,2019-04-18 16:00:57.715430861,"438 Elm St, Seattle, WA 98101",The device is good.,1
176668,Sony WH-1000XM4 Wireless Headphones,3,259.51,2019-04-18 16:00:57.715430861,"253 Johnson St, Atlanta, GA 30301",The device is good.,1
176872,Amazon Echo Dot (4th Gen),3,276.57,2019-04-18 16:00:57.715430861,"149 Dogwood St, New York City, NY 10001","Fantastic device, really happy with this purchase!",1
176792,Oculus Quest 2 VR Headset,2,966.98,2019-04-18 16:00:57.715430861,"657 Hill St, Dallas, TX 75001",Returned the product as it didn’t match the description on the website.,0
176676,PlayStation 5 Console,3,1287.37,2019-04-18 16:00:57.715430861,"444 7th St, Los Angeles, CA 90001","Fantastic device, really happy with this purchase!",1
176525,USB-C Charging Cable,1,1530.5,2019-04-18 16:00:57.715430861,"253 Johnson St, Atlanta, GA 30301",The device is good.,1
176823,JBL Flip 5 Portable Bluetooth Speaker,1,102.96,2019-04-18 16:00:57.715430861,"253 Johnson St, Atlanta, GA 30301","The device works perfectly, no issues so far!",1
176859,NVIDIA RTX 3080 Graphics Card,3,1649.28,2019-04-18 16:00:57.715430861,"682 Chestnut St, Boston, MA 02215","The device works perfectly, no issues so far!",1
176791,GoPro Hero 9 Action Camera,2,96.51,2019-04-18 16:00:57.715430861,"444 7th St, Los Angeles, CA 90001",Returned the product as it didn’t match the description on the website.,1
176614,MacBook Pro 16-inch Laptop,1,1114.34,2019-04-18 16:00:57.715430861,"438 Elm St, Seattle, WA 98101","Customer support took a long time to respond, but they resolved my issue in the end.",1
176786,27-inch 4K Ultra HD Gaming Monitor,1,1490.85,2019-04-18 16:00:57.715430861,"790 Ridge St, Atlanta, GA 30301","Fantastic device, really happy with this purchase!",1
176529,Apple AirPods Pro,2,1266.13,2019-04-18 16:00:57.715430861,"214 Chestnut St, San Francisco, CA 94016","The sound system on this device is phenomenal, but it’s a bit bulky to carry around.",0
176741,AA Rechargeable Batteries (4-pack),2,1899.86,2019-04-18 16:00:57.715430861,"149 Dogwood St, New York City, NY 10001",The device failed within two weeks of usage. Not very happy with this purchase.,0
176789,Dell XPS 13 Ultrabook,3,695.95,2019-04-18 16:00:57.715430861,"790 Ridge St, Atlanta, GA 30301","The device works perfectly, no issues so far!",1
176646,HP Pavilion Gaming Laptop,2,1175.91,2019-04-18 16:00:57.715430861,"214 Chestnut St, San Francisco, CA 94016","The screen resolution on this laptop is amazing, but it tends to heat up quickly.",1
176773,GoPro Hero 9 Action Camera,2,174.77,2019-04-18 16:00:57.715430861,"682 Chestnut St, Boston, MA 02215","Fantastic device, really happy with this purchase!",1
176721,Samsung Galaxy S21,1,1124.0,2019-04-18 16:00:57.715430861,"186 12th St, Dallas, TX 75001","The device works perfectly, no issues so far!",1
176840,27-inch 4K Ultra HD Gaming Monitor,2,1628.46,2019-04-18 16:00:57.715430861,"917 1st St, Dallas, TX 75001",The device is good.,1
176502,MacBook Pro 16-inch Laptop,2,411.19,2019-04-18 16:00:57.715430861,"381 Wilson St, San Francisco, CA 94016","Customer support took a long time to respond, but they resolved my issue in the end.",1
176569,AA Rechargeable Batteries (4-pack),3,529.32,2019-04-18 16:00:57.715430861,"381 Wilson St, San Francisco, CA 94016","Customer service was extremely helpful, they replaced the defective unit immediately.",1
176857,Sony WH-1000XM4 Wireless Headphones,3,1403.81,2019-04-18 16:00:57.715430861,"444 7th St, Los Angeles, CA 90001","The sound system on this device is phenomenal, but it’s a bit bulky to carry around.",0
176896,Apple AirPods Pro,2,515.23,2019-04-18 16:00:57.715430861,"214 Chestnut St, San Francisco, CA 94016","The device works perfectly, no issues so far!",1
176544,Bose SoundSport Headphones,1,525.9,2019-04-18 16:00:57.715430861,"668 Center St, Seattle, WA 98101",The device is good.,1
176873,PlayStation 5 Console,2,1871.68,2019-04-18 16:00:57.715430861,"668 Center St, Seattle, WA 98101",The device is good.,1
176753,JBL Flip 5 Portable Bluetooth Speaker,3,1997.1,2019-04-18 16:00:57.715430861,"381 Wilson St, San Francisco, CA 94016",The device is good.,1
176822,MacBook Pro 16-inch Laptop,1,318.84,2019-04-18 16:00:57.715430861,"917 1st St, Dallas, TX 75001","The laptop is fast and responsive, but battery life could be better.",0
176611,Sony WH-1000XM4 Wireless Headphones,3,1801.32,2019-04-18 16:00:57.715430861,"444 7th St, Los Angeles, CA 90001","Sound quality is amazing, but the bass is too heavy for my taste.",1
176591,NVIDIA RTX 3080 Graphics Card,2,1109.93,2019-04-18 16:00:57.715430861,"790 Ridge St, Atlanta, GA 30301","The device works perfectly, no issues so far!",1
176841,Amazon Echo Dot (4th Gen),1,86.82,2019-04-18 16:00:57.715430861,"438 Elm St, Seattle, WA 98101",The device is good.,1
176923,HP Pavilion Gaming Laptop,1,1175.15,2019-04-18 16:00:57.715430861,"790 Ridge St, Atlanta, GA 30301","Customer support took a long time to respond, but they resolved my issue in the end.",1
176539,MacBook Pro 16-inch Laptop,1,1286.68,2019-04-18 16:00:57.715430861,"682 Chestnut St, Boston, MA 02215","Customer support took a long time to respond, but they resolved my issue in the end.",1
176959,Wired Noise-Cancelling Headphones,2,77.25,2019-04-18 16:00:57.715430861,"682 Chestnut St, Boston, MA 02215",The device is good.,1
176650,MacBook Pro 16-inch Laptop,2,1517.81,2019-04-18 16:00:57.715430861,"668 Center St, Seattle, WA 98101","Customer support took a long time to respond, but they resolved my issue in the end.",1
176914,Google Phone,2,1637.42,2019-04-18 16:00:57.715430861,"657 Hill St, Dallas, TX 75001","The phone overheats during long calls, but overall it’s a good buy.",1
176645,Sony WH-1000XM4 Wireless Headphones,2,152.57,2019-04-18 16:00:57.715430861,"915 Willow St, San Francisco, CA 94016","Sound quality is amazing, but the bass is too heavy for my taste.",0
176698,MacBook Pro 16-inch Laptop,2,1300.32,2019-04-18 16:00:57.715430861,"381 Wilson St, San Francisco, CA 94016","The device works perfectly, no issues so far!",1
176955,JBL Flip 5 Portable Bluetooth Speaker,2,918.53,2019-04-18 16:00:57.715430861,"253 Johnson St, Atlanta, GA 30301",Picture quality is stunning! Gaming feels super immersive on this monitor.,1
176774,Amazon Echo Dot (4th Gen),3,485.06,2019-04-18 16:00:57.715430861,"790 Ridge St, Atlanta, GA 30301","Customer support took a long time to respond, but they resolved my issue in the end.",1
176848,AA Rechargeable Batteries (4-pack),1,922.75,2019-04-18 16:00:57.715430861,"915 Willow St, San Francisco, CA 94016",This cable is very durable and charges my phone really quickly!,1
176543,Oculus Quest 2 VR Headset,1,327.19,2019-04-18 16:00:57.715430861,"214 Chestnut St, San Francisco, CA 94016","Fantastic device, really happy with this purchase!",1
176583,Google Phone,2,674.0,2019-04-18 16:00:57.715430861,"149 Dogwood St, New York City, NY 10001",The device is good.,1
176933,Sony WH-1000XM4 Wireless Headphones,1,1313.86,2019-04-18 16:00:57.715430861,"669 Spruce St, Los Angeles, CA 90001","The sound system on this device is phenomenal, but it’s a bit bulky to carry around.",0
176797,NVIDIA RTX 3080 Graphics Card,3,958.21,2019-04-18 16:00:57.715430861,"381 Wilson St, San Francisco, CA 94016","Fantastic device, really happy with this purchase!",1
176593,Google Phone,3,1116.28,2019-04-18 16:00:57.715430861,"668 Center St, Seattle, WA 98101",Battery life is incredible. This product exceeded my expectations!,1
176674,GoPro Hero 9 Action Camera,1,1091.45,2019-04-18 16:00:57.715430861,"381 Wilson St, San Francisco, CA 94016",Absolutely love this VR headset! It’s a game-changer for me.,1
176905,Amazon Echo Dot (4th Gen),2,1642.98,2019-04-18 16:00:57.715430861,"253 Johnson St, Atlanta, GA 30301","Customer support took a long time to respond, but they resolved my issue in the end.",1
176701,27-inch 4K Ultra HD Gaming Monitor,1,693.33,2019-04-18 16:00:57.715430861,"149 Dogwood St, New York City, NY 10001",The device is good.,1
176845,PlayStation 5 Console,1,1627.79,2019-04-18 16:00:57.715430861,"444 7th St, Los Angeles, CA 90001",Returned the product as it didn’t match the description on the website.,0
176998,NVIDIA RTX 3080 Graphics Card,3,169.17,2019-04-18 16:00:57.715430861,"186 12th St, Dallas, TX 75001",Picture quality is stunning! Gaming feels super immersive on this monitor.,1
176980,Lightning Fast Charging Cable,1,861.19,2019-04-18 16:00:57.715430861,"149 Dogwood St, New York City, NY 10001","The device works perfectly, no issues so far!",1
176975,NVIDIA RTX 3080 Graphics Card,1,711.12,2019-04-18 16:00:57.715430861,"790 Ridge St, Atlanta, GA 30301",Absolutely love this VR headset! It’s a game-changer for me.,1
176829,NVIDIA RTX 3080 Graphics Card,2,908.65,2019-04-18 16:00:57.715430861,"668 Center St, Seattle, WA 98101",Absolutely love this VR headset! It’s a game-changer for me.,1
176528,MacBook Pro 16-inch Laptop,1,1668.68,2019-04-18 16:00:57.715430861,"915 Willow St, San Francisco, CA 94016","The product is okay, but price could be reduced.",0
176991,Oculus Quest 2 VR Headset,3,1029.67,2019-04-18 16:00:57.715430861,"657 Hill St, Dallas, TX 75001",Picture quality is stunning! Gaming feels super immersive on this monitor.,1
176709,Dell XPS 13 Ultrabook,3,1974.62,2019-04-18 16:00:57.715430861,"669 Spruce St, Los Angeles, CA 90001","The laptop is fast and responsive, but battery life could be better.",0
176605,Bose SoundSport Headphones,3,1724.31,2019-04-18 16:00:57.715430861,"214 Chestnut St, San Francisco, CA 94016","The device works perfectly, no issues so far!",1
176942,Lightning Fast Charging Cable,1,246.51,2019-04-18 16:00:57.715430861,"149 Dogwood St, New York City, NY 10001","The device works perfectly, no issues so far!",1
176884,Lightning Fast Charging Cable,1,640.61,2019-04-18 16:00:57.715430861,"682 Chestnut St, Boston, MA 02215",The device failed within two weeks of usage. Not very happy with this purchase.,0
176970,Lightning Fast Charging Cable,3,55.22,2019-04-18 16:00:57.715430861,"915 Willow St, San Francisco, CA 94016","Customer service was extremely helpful, they replaced the defective unit immediately.",1
176563,Wired Noise-Cancelling Headphones,2,1470.17,2019-04-18 16:00:57.715430861,"790 Ridge St, Atlanta, GA 30301","The sound system on this device is phenomenal, but it’s a bit bulky to carry around.",0
176516,PlayStation 5 Console,3,48.21,2019-04-18 16:00:57.715430861,"438 Elm St, Seattle, WA 98101","Fantastic device, really happy with this purchase!",1
176606,Google Phone,1,1773.02,2019-04-18 16:00:57.715430861,"214 Chestnut St, San Francisco, CA 94016",The device is good.,1
176664,HP Pavilion Gaming Laptop,3,394.75,2019-04-18 16:00:57.715430861,"444 7th St, Los Angeles, CA 90001","The product is okay, but I think it’s overpriced for the features it offers.",0
176594,Google Phone,3,833.53,2019-04-18 16:00:57.715430861,"381 Wilson St, San Francisco, CA 94016",The device is good.,1
176524,Amazon Echo Dot (4th Gen),2,133.46,2019-04-18 16:00:57.715430861,"186 12th St, Dallas, TX 75001","The device works perfectly, no issues so far!",1
176616,GoPro Hero 9 Action Camera,2,629.4,2019-04-18 16:00:57.715430861,"253 Johnson St, Atlanta, GA 30301","Customer support took a long time to respond, but they resolved my issue in the end.",1
176691,USB-C Charging Cable,2,785.13,2019-04-18 16:00:57.715430861,"790 Ridge St, Atlanta, GA 30301",This cable is very durable and charges my phone really quickly!,1
176695,NVIDIA RTX 3080 Graphics Card,2,113.94,2019-04-18 16:00:57.715430861,"186 12th St, Dallas, TX 75001",Picture quality is stunning! Gaming feels super immersive on this monitor.,1
176807,Apple AirPods Pro,1,1537.43,2019-04-18 16:00:57.715430861,"790 Ridge St, Atlanta, GA 30301","Sound quality is amazing, but the bass is too heavy for my taste.",1
176636,Apple AirPods Pro,3,1425.59,2019-04-18 16:00:57.715430861,"915 Willow St, San Francisco, CA 94016",The device is good.,1
176940,PlayStation 5 Console,3,722.19,2019-04-18 16:00:57.715430861,"668 Center St, Seattle, WA 98101",The device is good.,1
176847,Wired Noise-Cancelling Headphones,3,1672.03,2019-04-18 16:00:57.715430861,"790 Ridge St, Atlanta, GA 30301","The sound system on this device is phenomenal, but it’s a bit bulky to carry around.",0
176593,Apple AirPods Pro,3,164.07,2019-04-18 16:00:57.715430861,"915 Willow St, San Francisco, CA 94016","Sound quality is amazing, but the bass is too heavy for my taste.",0
176879,Dell XPS 13 Ultrabook,3,117.47,2019-04-18 16:00:57.715430861,"149 Dogwood St, New York City, NY 10001",The device is good.,1
176738,Google Phone,3,716.41,2019-04-18 16:00:57.715430861,"149 Dogwood St, New York City, NY 10001",Disappointed with the camera performance in low light conditions.,0
176587,Wired Noise-Cancelling Headphones,3,1804.66,2019-04-18 16:00:57.715430861,"253 Johnson St, Atlanta, GA 30301","The sound system on this device is phenomenal, but it’s a bit bulky to carry around.",0
176660,USB-C Charging Cable,2,1515.37,2019-04-18 16:00:57.715430861,"668 Center St, Seattle, WA 98101",The device is good.,1
176647,Bose SoundSport Headphones,3,1347.91,2019-04-18 16:00:57.715430861,"214 Chestnut St, San Francisco, CA 94016",The device is good.,1
176572,JBL Flip 5 Portable Bluetooth Speaker,2,1129.84,2019-04-18 16:00:57.715430861,"682 Chestnut St, Boston, MA 02215","Customer support took a long time to respond, but they resolved my issue in the end.",1
176955,Lightning Fast Charging Cable,2,1609.49,2019-04-18 16:00:57.715430861,"444 7th St, Los Angeles, CA 90001",This cable is very durable and charges my phone really quickly!,1
176587,Samsung Galaxy S21,2,830.33,2019-04-18 16:00:57.715430861,"668 Center St, Seattle, WA 98101",The device is good.,1
176513,Google Phone,3,71.07,2019-04-18 16:00:57.715430861,"682 Chestnut St, Boston, MA 02215",Great product for the price! I use it daily and it works flawlessly.,1
176814,JBL Flip 5 Portable Bluetooth Speaker,2,1606.78,2019-04-18 16:00:57.715430861,"444 7th St, Los Angeles, CA 90001",The device is good.,1
176581,AA Rechargeable Batteries (4-pack),1,389.08,2019-04-18 16:00:57.715430861,"669 Spruce St, Los Angeles, CA 90001",The device is good.,1
176620,PlayStation 5 Console,2,781.44,2019-04-18 16:00:57.715430861,"790 Ridge St, Atlanta, GA 30301","Fantastic device, really happy with this purchase!",1
176872,Amazon Echo Dot (4th Gen),2,721.64,2019-04-18 16:00:57.715430861,"381 Wilson St, San Francisco, CA 94016","Customer support took a long time to respond, but they resolved my issue in the end.",1
176939,PlayStation 5 Console,1,255.5,2019-04-18 16:00:57.715430861,"253 Johnson St, Atlanta, GA 30301",Absolutely love this VR headset! It’s a game-changer for me.,1
176820,PlayStation 5 Console,1,708.06,2019-04-18 16:00:57.715430861,"669 Spruce St, Los Angeles, CA 90001",Picture quality is stunning! Gaming feels super immersive on this monitor.,1
176703,Wired Noise-Cancelling Headphones,1,362.4,2019-04-18 16:00:57.715430861,"790 Ridge St, Atlanta, GA 30301",Sound is not proper when you play jazz.,0
176720,GoPro Hero 9 Action Camera,1,1235.87,2019-04-18 16:00:57.715430861,"444 7th St, Los Angeles, CA 90001",Returned the product as it didn’t match the description on the website.,0
176920,Apple AirPods Pro,2,1310.33,2019-04-18 16:00:57.715430861,"381 Wilson St, San Francisco, CA 94016","The sound system on this device is phenomenal, but it could be little lighter to carry.",0
176781,PlayStation 5 Console,1,37.16,2019-04-18 16:00:57.715430861,"682 Chestnut St, Boston, MA 02215",Absolutely love this VR headset! It’s a game-changer for me.,1
176788,Apple AirPods Pro,2,918.39,2019-04-18 16:00:57.715430861,"186 12th St, Dallas, TX 75001","Fantastic sound quality, perfect for long listening sessions.",1
176926,27-inch 4K Ultra HD Gaming Monitor,3,1112.56,2019-04-18 16:00:57.715430861,"915 Willow St, San Francisco, CA 94016","Customer support took a long time to respond, despite spending so much time my issue is unresolved.",0
176770,MacBook Pro 16-inch Laptop,1,1744.61,2019-04-18 16:00:57.715430861,"915 Willow St, San Francisco, CA 94016","Customer support took a long time to respond, but they resolved my issue in the end.",1
176970,USB-C Charging Cable,1,997.1,2019-04-18 16:00:57.715430861,"444 7th St, Los Angeles, CA 90001",The device is good.,1
176784,Oculus Quest 2 VR Headset,1,170.1,2019-04-18 16:00:57.715430861,"438 Elm St, Seattle, WA 98101",Returned the product as it didn’t match the description on the website.,1
176776,27-inch 4K Ultra HD Gaming Monitor,2,112.93,2019-04-18 16:00:57.715430861,"444 7th St, Los Angeles, CA 90001",Returned the product as it didn’t match the description on the website.,1
176966,NVIDIA RTX 3080 Graphics Card,3,1725.6,2019-04-18 16:00:57.715430861,"657 Hill St, Dallas, TX 75001","The device works perfectly, no issues so far!",1
176824,Amazon Echo Dot (4th Gen),1,1583.55,2019-04-18 16:00:57.715430861,"214 Chestnut St, San Francisco, CA 94016",Picture quality is stunning! Gaming feels super immersive on this monitor.,1
176522,GoPro Hero 9 Action Camera,3,1718.31,2019-04-18 16:00:57.715430861,"657 Hill St, Dallas, TX 75001",Returned the product as it didn’t match the description on the website.,0
176727,Dell XPS 13 Ultrabook,2,531.86,2019-04-18 16:00:57.715430861,"381 Wilson St, San Francisco, CA 94016","Customer support took a long time to respond, but they resolved my issue in the end.",1
176878,Bose SoundSport Headphones,3,1299.51,2019-04-18 16:00:57.715430861,"186 12th St, Dallas, TX 75001","Fantastic sound quality, perfect for long listening sessions.",1
176583,Bose SoundSport Headphones,1,200.48,2019-04-18 16:00:57.715430861,"915 Willow St, San Francisco, CA 94016","The device works perfectly, no issues so far!",1
176635,Samsung Galaxy S21,2,1654.88,2019-04-18 16:00:57.715430861,"438 Elm St, Seattle, WA 98101","The phone overheats during long calls, but overall it’s a good buy.",1
176956,USB-C Charging Cable,1,673.89,2019-04-18 16:00:57.715430861,"668 Center St, Seattle, WA 98101","Customer service was extremely helpful, they replaced the defective unit immediately.",1
176561,PlayStation 5 Console,2,1910.74,2019-04-18 16:00:57.715430861,"444 7th St, Los Angeles, CA 90001","The device works perfectly, no issues so far!",1
176641,GoPro Hero 9 Action Camera,3,948.05,2019-04-18 16:00:57.715430861,"381 Wilson St, San Francisco, CA 94016",The device is good.,1
176505,HP Pavilion Gaming Laptop,1,75.8,2019-04-18 16:00:57.715430861,"790 Ridge St, Atlanta, GA 30301","The product is okay, but I think it’s overpriced for the features it offers.",0
176756,Lightning Fast Charging Cable,3,1819.02,2019-04-18 16:00:57.715430861,"438 Elm St, Seattle, WA 98101","The device works perfectly, no issues so far!",1
176636,Apple AirPods Pro,1,1254.81,2019-04-18 16:00:57.715430861,"186 12th St, Dallas, TX 75001","Sound quality is amazing, but the bass is too heavy for my taste.",1
176707,NVIDIA RTX 3080 Graphics Card,2,581.29,2019-04-18 16:00:57.715430861,"917 1st St, Dallas, TX 75001","Fantastic device, really happy with this purchase!",1
176963,HP Pavilion Gaming Laptop,2,83.24,2019-04-18 16:00:57.715430861,"682 Chestnut St, Boston, MA 02215","The laptop is fast and responsive, but battery life could be improved.",0
176937,USB-C Charging Cable,3,759.61,2019-04-18 16:00:57.715430861,"444 7th St, Los Angeles, CA 90001",The device failed within two weeks of usage. Unhappy with this purchase.,0
176639,27-inch 4K Ultra HD Gaming Monitor,2,322.15,2019-04-18 16:00:57.715430861,"790 Ridge St, Atlanta, GA 30301",Picture quality is stunning! Gaming feels super immersive on this monitor.,1
176504,Amazon Echo Dot (4th Gen),2,1101.08,2019-04-18 16:00:57.715430861,"915 Willow St, San Francisco, CA 94016",The device is good.,1
176923,Amazon Echo Dot (4th Gen),2,302.3,2019-04-18 16:00:57.715430861,"381 Wilson St, San Francisco, CA 94016","Fantastic device, really happy with this purchase!",1
176848,Wired Noise-Cancelling Headphones,1,357.48,2019-04-18 16:00:57.715430861,"214 Chestnut St, San Francisco, CA 94016","Fantastic sound quality, perfect for long listening sessions.",1
176929,Samsung Galaxy S21,3,1842.53,2019-04-18 16:00:57.715430861,"915 Willow St, San Francisco, CA 94016","The device works perfectly, no issues so far!",1
176782,Google Phone,1,1283.84,2019-04-18 16:00:57.715430861,"917 1st St, Dallas, TX 75001","The phone overheats during long calls, but overall it’s a good buy.",1
176574,Dell XPS 13 Ultrabook,1,492.74,2019-04-18 16:00:57.715430861,"657 Hill St, Dallas, TX 75001","Customer support took a long time to respond, but they resolved my issue in the end.",1
176808,USB-C Charging Cable,2,1759.0,2019-04-18 16:00:57.715430861,"149 Dogwood St, New York City, NY 10001",The device is good.,1
176994,Lightning Fast Charging Cable,1,1253.18,2019-04-18 16:00:57.715430861,"917 1st St, Dallas, TX 75001","The device works perfectly, no issues so far!",1
176933,Wired Noise-Cancelling Headphones,1,1891.74,2019-04-18 16:00:57.715430861,"915 Willow St, San Francisco, CA 94016","Sound quality is amazing, but the bass is too heavy for my taste.",0
176719,Wired Noise-Cancelling Headphones,3,971.0,2019-04-18 16:00:57.715430861,"682 Chestnut St, Boston, MA 02215","The device works perfectly, no issues so far!",1
176807,NVIDIA RTX 3080 Graphics Card,2,1776.92,2019-04-18 16:00:57.715430861,"668 Center St, Seattle, WA 98101","Fantastic device, really happy with this purchase!",1
176727,27-inch 4K Ultra HD Gaming Monitor,1,1360.1,2019-04-18 16:00:57.715430861,"381 Wilson St, San Francisco, CA 94016",Returned the product as it didn’t match the description on the website.,0
176861,Google Phone,1,97.9,2019-04-18 16:00:57.715430861,"253 Johnson St, Atlanta, GA 30301",Disappointed with the camera performance in low light conditions.,0
176774,NVIDIA RTX 3080 Graphics Card,2,488.18,2019-04-18 16:00:57.715430861,"790 Ridge St, Atlanta, GA 30301","Customer support took a long time to respond, but they resolved my issue in the end.",1
176873,Apple AirPods Pro,3,570.34,2019-04-18 16:00:57.715430861,"669 Spruce St, Los Angeles, CA 90001",Sound is not proper when you play jazz.,0
176790,Google Phone,3,348.33,2019-04-18 16:00:57.715430861,"682 Chestnut St, Boston, MA 02215","The device works perfectly, no issues so far!",1
176551,AA Rechargeable Batteries (4-pack),3,483.99,2019-04-18 16:00:57.715430861,"669 Spruce St, Los Angeles, CA 90001","The device works perfectly, no issues so far!",1
176658,27-inch 4K Ultra HD Gaming Monitor,2,459.82,2019-04-18 16:00:57.715430861,"149 Dogwood St, New York City, NY 10001","The device works perfectly, no issues so far!",1
176937,Wired Noise-Cancelling Headphones,2,1757.9,2019-04-18 16:00:57.715430861,"253 Johnson St, Atlanta, GA 30301","Sound quality is amazing, but the bass is too heavy for my taste.",0
176814,JBL Flip 5 Portable Bluetooth Speaker,3,931.17,2019-04-18 16:00:57.715430861,"790 Ridge St, Atlanta, GA 30301","Fantastic device, really happy with this purchase!",1
176927,Amazon Echo Dot (4th Gen),2,1754.26,2019-04-18 16:00:57.715430861,"917 1st St, Dallas, TX 75001","The device works perfectly, no issues so far!",1
176811,JBL Flip 5 Portable Bluetooth Speaker,2,284.62,2019-04-18 16:00:57.715430861,"381 Wilson St, San Francisco, CA 94016",The device is good.,1
176774,Wired Noise-Cancelling Headphones,2,1134.19,2019-04-18 16:00:57.715430861,"917 1st St, Dallas, TX 75001","The device works perfectly, no issues so far!",1
176929,Sony WH-1000XM4 Wireless Headphones,2,36.8,2019-04-18 16:00:57.715430861,"917 1st St, Dallas, TX 75001","The sound system on this device is phenomenal, but it’s a bit bulky to carry around.",0
176843,NVIDIA RTX 3080 Graphics Card,3,1861.3,2019-04-18 16:00:57.715430861,"915 Willow St, San Francisco, CA 94016","Fantastic device, really happy with this purchase!",1
176949,Google Phone,1,21.22,2019-04-18 16:00:57.715430861,"438 Elm St, Seattle, WA 98101",Great product for the price! I use it daily and it works flawlessly.,1
176826,Bose SoundSport Headphones,1,785.92,2019-04-18 16:00:57.715430861,"917 1st St, Dallas, TX 75001","Fantastic sound quality, perfect for long listening sessions.",1
176990,Wired Noise-Cancelling Headphones,2,1605.16,2019-04-18 16:00:57.715430861,"669 Spruce St, Los Angeles, CA 90001","Fantastic sound quality, perfect for long listening sessions.",1
176553,Google Phone,3,1999.76,2019-04-18 16:00:57.715430861,"682 Chestnut St, Boston, MA 02215",Disappointed with the camera performance in low light conditions.,0
